test_1,test_2
0.8804586920716347,0.41311925512935044
